x,nm,E_exc_eV,photon_eV,tpa_nm,sigma_GM
590.62594528,nm,4.1984,2.0992,590.62594528,0.301315726453
589.941215954,nm,4.20327297297,2.10163648649,589.941215954,0.303136541999
589.258072442,nm,4.20814594595,2.10407297297,589.258072442,0.304979395362
588.576509241,nm,4.21301891892,2.10650945946,588.576509241,0.306844714537
587.896520874,nm,4.21789189189,2.10894594595,587.896520874,0.308732938936
587.218101888,nm,4.22276486486,2.11138243243,587.218101888,0.31064451977
586.541246857,nm,4.22763783784,2.11381891892,586.541246857,0.312579920442
585.865950379,nm,4.23251081081,2.11625540541,585.865950379,0.314539616966
585.192207077,nm,4.23738378378,2.11869189189,585.192207077,0.316524098396
584.520011599,nm,4.24225675676,2.12112837838,584.520011599,0.318533867274
583.849358617,nm,4.24712972973,2.12356486486,583.849358617,0.320569440098
583.180242827,nm,4.2520027027,2.12600135135,583.180242827,0.322631347805
582.512658952,nm,4.25687567568,2.12843783784,582.512658952,0.324720136282
581.846601735,nm,4.26174864865,2.13087432432,581.846601735,0.326836366889
581.182065946,nm,4.26662162162,2.13331081081,581.182065946,0.32898061701
580.519046378,nm,4.27149459459,2.1357472973,580.519046378,0.331153480629
579.857537848,nm,4.27636756757,2.13818378378,579.857537848,0.333355568921
579.197535196,nm,4.28124054054,2.14062027027,579.197535196,0.335587510882
578.539033286,nm,4.28611351351,2.14305675676,578.539033286,0.337849953975
577.882027005,nm,4.29098648649,2.14549324324,577.882027005,0.340143564807
577.226511264,nm,4.29585945946,2.14792972973,577.226511264,0.342469029842
576.572480995,nm,4.30073243243,2.15036621622,576.572480995,0.344827056136
575.919931156,nm,4.30560540541,2.1528027027,575.919931156,0.347218372109
575.268856724,nm,4.31047837838,2.15523918919,575.268856724,0.349643728354
574.619252703,nm,4.31535135135,2.15767567568,574.619252703,0.352103898477
573.971114116,nm,4.32022432432,2.16011216216,573.971114116,0.354599679981
573.324436011,nm,4.3250972973,2.16254864865,573.324436011,0.357131895183
572.679213455,nm,4.32997027027,2.16498513514,572.679213455,0.359701392181
572.035441542,nm,4.33484324324,2.16742162162,572.035441542,0.362309045858
571.393115383,nm,4.33971621622,2.16985810811,571.393115383,0.364955758941
570.752230115,nm,4.34458918919,2.17229459459,570.752230115,0.367642463101
570.112780894,nm,4.34946216216,2.17473108108,570.112780894,0.370370120112
569.474762899,nm,4.35433513514,2.17716756757,569.474762899,0.37313972306
568.83817133,nm,4.35920810811,2.17960405405,568.83817133,0.375952297612
568.203001409,nm,4.36408108108,2.18204054054,568.203001409,0.378808903349
567.569248379,nm,4.36895405405,2.18447702703,567.569248379,0.381710635155
566.936907505,nm,4.37382702703,2.18691351351,566.936907505,0.384658624684
566.305974071,nm,4.3787,2.18935,566.305974071,0.387654041895
565.676443384,nm,4.38357297297,2.19178648649,565.676443384,0.390698096659
565.04831077,nm,4.38844594595,2.19422297297,565.04831077,0.393792040452
564.421571579,nm,4.39331891892,2.19665945946,564.421571579,0.39693716813
563.796221178,nm,4.39819189189,2.19909594595,563.796221178,0.400134819798
563.172254956,nm,4.40306486486,2.20153243243,563.172254956,0.403386382766
562.549668323,nm,4.40793783784,2.20396891892,562.549668323,0.406693293616
561.928456708,nm,4.41281081081,2.20640540541,561.928456708,0.410057040366
561.308615561,nm,4.41768378378,2.20884189189,561.308615561,0.413479164755
560.690140353,nm,4.42255675676,2.21127837838,560.690140353,0.416961264643
560.073026572,nm,4.42742972973,2.21371486486,560.073026572,0.420504996537
559.457269728,nm,4.4323027027,2.21615135135,559.457269728,0.424112078261
558.842865352,nm,4.43717567568,2.21858783784,558.842865352,0.427784291756
558.229808991,nm,4.44204864865,2.22102432432,558.229808991,0.431523486041
557.618096215,nm,4.44692162162,2.22346081081,557.618096215,0.435331580332
557.00772261,nm,4.45179459459,2.2258972973,557.00772261,0.439210567335
556.398683785,nm,4.45666756757,2.22833378378,556.398683785,0.443162516719
555.790975366,nm,4.46154054054,2.23077027027,555.790975366,0.44718957878
555.184592999,nm,4.46641351351,2.23320675676,555.184592999,0.451293988321
554.579532347,nm,4.47128648649,2.23564324324,554.579532347,0.45547806874
553.975789094,nm,4.47615945946,2.23807972973,553.975789094,0.459744236359
553.373358942,nm,4.48103243243,2.24051621622,553.373358942,0.464095005002
552.772237613,nm,4.48590540541,2.2429527027,552.772237613,0.468532990834
552.172420844,nm,4.49077837838,2.24538918919,552.172420844,0.473060917488
551.573904395,nm,4.49565135135,2.24782567568,551.573904395,0.477681621493
550.976684041,nm,4.50052432432,2.25026216216,550.976684041,0.482398058023
550.380755578,nm,4.5053972973,2.25269864865,550.380755578,0.487213306991
549.786114816,nm,4.51027027027,2.25513513514,549.786114816,0.49213057951
549.192757589,nm,4.51514324324,2.25757162162,549.192757589,0.497153224754
548.600679743,nm,4.52001621622,2.26000810811,548.600679743,0.502284737227
548.009877145,nm,4.52488918919,2.26244459459,548.009877145,0.507528764493
547.420345681,nm,4.52976216216,2.26488108108,547.420345681,0.512889115387
546.832081252,nm,4.53463513514,2.26731756757,546.832081252,0.518369768732
546.245079777,nm,4.53950810811,2.26975405405,546.245079777,0.523974882619
545.659337195,nm,4.54438108108,2.27219054054,545.659337195,0.529708804277
545.074849459,nm,4.54925405405,2.27462702703,545.074849459,0.535576080577
544.491612541,nm,4.55412702703,2.27706351351,544.491612541,0.541581469213
543.909622431,nm,4.559,2.2795,543.909622431,0.547729950628
543.328875135,nm,4.56387297297,2.28193648649,543.328875135,0.554026740713
542.749366676,nm,4.56874594595,2.28437297297,542.749366676,0.560477304355
542.171093094,nm,4.57361891892,2.28680945946,542.171093094,0.567087369899
541.594050446,nm,4.57849189189,2.28924594595,541.594050446,0.573862944574
541.018234807,nm,4.58336486486,2.29168243243,541.018234807,0.580810330983
540.443642266,nm,4.58823783784,2.29411891892,540.443642266,0.587936144718
539.870268931,nm,4.59311081081,2.29655540541,539.870268931,0.59524733319
539.298110926,nm,4.59798378378,2.29899189189,539.298110926,0.602751195784
538.727164391,nm,4.60285675676,2.30142837838,538.727164391,0.610455405414
538.157425481,nm,4.60772972973,2.30386486486,538.157425481,0.61836803162
537.58889037,nm,4.6126027027,2.30630135135,537.58889037,0.626497565299
537.021555246,nm,4.61747567568,2.30873783784,537.021555246,0.634852945224
536.455416315,nm,4.62234864865,2.31117432432,536.455416315,0.64344358648
535.890469797,nm,4.62722162162,2.31361081081,535.890469797,0.652279410968
535.326711928,nm,4.63209459459,2.3160472973,535.326711928,0.661370880159
534.764138962,nm,4.63696756757,2.31848378378,534.764138962,0.670729030269
534.202747166,nm,4.64184054054,2.32092027027,534.202747166,0.680365510044
533.642532825,nm,4.64671351351,2.32335675676,533.642532825,0.690292621391
533.083492238,nm,4.65158648649,2.32579324324,533.083492238,0.700523363067
532.52562172,nm,4.65645945946,2.32822972973,532.52562172,0.711071477683
531.968917602,nm,4.66133243243,2.33066621622,531.968917602,0.721951502301
531.413376229,nm,4.66620540541,2.3331027027,531.413376229,0.733178822911
530.858993962,nm,4.67107837838,2.33553918919,530.858993962,0.744769733113
530.305767178,nm,4.67595135135,2.33797567568,530.305767178,0.756741497345
529.753692267,nm,4.68082432432,2.34041216216,529.753692267,0.769112419042
529.202765636,nm,4.6856972973,2.34284864865,529.202765636,0.781901914104
528.652983707,nm,4.69057027027,2.34528513514,528.652983707,0.79513059014
528.104342914,nm,4.69544324324,2.34772162162,528.104342914,0.808820331922
527.55683971,nm,4.70031621622,2.35015810811,527.55683971,0.822994393576
527.010470559,nm,4.70518918919,2.35259459459,527.010470559,0.83767749802
526.465231942,nm,4.71006216216,2.35503108108,526.465231942,0.852895944243
525.921120353,nm,4.71493513514,2.35746756757,525.921120353,0.868677723006
525.378132302,nm,4.71980810811,2.35990405405,525.378132302,0.885052641615
524.836264313,nm,4.72468108108,2.36234054054,524.836264313,0.902052458434
524.295512922,nm,4.72955405405,2.36477702703,524.295512922,0.919711027824
523.755874683,nm,4.73442702703,2.36721351351,523.755874683,0.938064456227
523.217346162,nm,4.7393,2.36965,523.217346162,0.95715127012
522.679923938,nm,4.74417297297,2.37208648649,522.679923938,0.977012596556
522.143604608,nm,4.74904594595,2.37452297297,522.143604608,0.997692356997
521.608384778,nm,4.75391891892,2.37695945946,521.608384778,1.01923747509
521.074261072,nm,4.75879189189,2.37939594595,521.074261072,1.04169809899
520.541230126,nm,4.76366486486,2.38183243243,520.541230126,1.06512783863
520.009288589,nm,4.76853783784,2.38426891892,520.009288589,1.08958401835
519.478433125,nm,4.77341081081,2.38670540541,519.478433125,1.1151279448
518.948660412,nm,4.77828378378,2.38914189189,518.948660412,1.14182518998
518.41996714,nm,4.78315675676,2.39157837838,518.41996714,1.16974588856
517.892350013,nm,4.78802972973,2.39401486486,517.892350013,1.19896504835
517.36580575,nm,4.7929027027,2.39645135135,517.36580575,1.22956287177
516.84033108,nm,4.79777567568,2.39888783784,516.84033108,1.26162508526
516.315922749,nm,4.80264864865,2.40132432432,516.315922749,1.29524327247
515.792577513,nm,4.80752162162,2.40376081081,515.792577513,1.33051520509
515.270292143,nm,4.81239459459,2.4061972973,515.270292143,1.36754516362
514.749063423,nm,4.81726756757,2.40863378378,514.749063423,1.40644423735
514.22888815,nm,4.82214054054,2.41107027027,514.22888815,1.44733058984
513.709763132,nm,4.82701351351,2.41350675676,513.709763132,1.49032967208
513.191685194,nm,4.83188648649,2.41594324324,513.191685194,1.53557436065
512.674651168,nm,4.83675945946,2.41837972973,512.674651168,1.58320499191
512.158657905,nm,4.84163243243,2.42081621622,512.158657905,1.63336925584
511.643702264,nm,4.84650540541,2.4232527027,511.643702264,1.68622190432
511.129781119,nm,4.85137837838,2.42568918919,511.129781119,1.74192421758
510.616891355,nm,4.85625135135,2.42812567568,510.616891355,1.80064316008
510.105029871,nm,4.86112432432,2.43056216216,510.105029871,1.86255014202
509.594193577,nm,4.8659972973,2.43299864865,509.594193577,1.927819286
509.084379397,nm,4.87087027027,2.43543513514,509.084379397,1.99662507954
508.575584266,nm,4.87574324324,2.43787162162,508.575584266,2.06913927386
508.067805132,nm,4.88061621622,2.44030810811,508.067805132,2.14552686914
507.561038954,nm,4.88548918919,2.44274459459,507.561038954,2.22594100732
507.055282705,nm,4.89036216216,2.44518108108,507.055282705,2.31051657843
506.550533368,nm,4.89523513514,2.44761756757,506.550533368,2.39936233983
506.046787939,nm,4.90010810811,2.45005405405,506.046787939,2.49255135457
505.544043427,nm,4.90498108108,2.45249054054,505.544043427,2.59010958373
505.042296851,nm,4.90985405405,2.45492702703,505.042296851,2.69200252716
504.541545243,nm,4.91472702703,2.45736351351,504.541545243,2.7981199104
504.041785646,nm,4.9196,2.4598,504.041785646,2.90825857474
503.543015115,nm,4.92447297297,2.46223648649,503.543015115,3.02210395638
503.045230717,nm,4.92934594595,2.46467297297,503.045230717,3.13921084852
502.548429531,nm,4.93421891892,2.46710945946,502.548429531,3.25898452865
502.052608645,nm,4.93909189189,2.46954594595,502.052608645,3.38066379018
501.557765163,nm,4.94396486486,2.47198243243,501.557765163,3.50330790685
501.063896195,nm,4.94883783784,2.47441891892,501.063896195,3.62579001631
500.570998867,nm,4.95371081081,2.47685540541,500.570998867,3.74679973551
500.079070313,nm,4.95858378378,2.47929189189,500.079070313,3.8648578847
499.588107681,nm,4.96345675676,2.48172837838,499.588107681,3.97834585087
499.098108128,nm,4.96832972973,2.48416486486,499.098108128,4.08555123459
498.609068823,nm,4.9732027027,2.48660135135,498.609068823,4.18472992791
498.120986947,nm,4.97807567568,2.48903783784,498.120986947,4.27418271847
497.63385969,nm,4.98294864865,2.49147432432,497.63385969,4.35234212302
497.147684255,nm,4.98782162162,2.49391081081,497.147684255,4.41786281401
496.662457854,nm,4.99269459459,2.4963472973,496.662457854,4.46970722898
496.178177711,nm,4.99756756757,2.49878378378,496.178177711,4.50721726229
495.694841062,nm,5.00244054054,2.50122027027,495.694841062,4.53016369407
495.212445151,nm,5.00731351351,2.50365675676,495.212445151,4.53876726703
494.730987235,nm,5.01218648649,2.50609324324,494.730987235,4.53368875795
494.25046458,nm,5.01705945946,2.50852972973,494.25046458,4.51598935942
493.770874465,nm,5.02193243243,2.51096621622,493.770874465,4.48706639011
493.292214176,nm,5.02680540541,2.5134027027,493.292214176,4.44857206509
492.814481013,nm,5.03167837838,2.51583918919,492.814481013,4.40232433703
492.337672284,nm,5.03655135135,2.51827567568,492.337672284,4.35021859311
491.861785309,nm,5.04142432432,2.52071216216,491.861785309,4.29414753299
491.386817418,nm,5.0462972973,2.52314864865,491.386817418,4.23593434285
490.91276595,nm,5.05117027027,2.52558513514,490.91276595,4.17728185143
490.439628256,nm,5.05604324324,2.52802162162,490.439628256,4.11973814733
489.967401697,nm,5.06091621622,2.53045810811,489.967401697,4.06467743189
489.496083642,nm,5.06578918919,2.53289459459,489.496083642,4.01329378287
489.025671473,nm,5.07066216216,2.53533108108,489.025671473,3.96660497825
488.55616258,nm,5.07553513514,2.53776756757,488.55616258,3.92546346065
488.087554365,nm,5.08040810811,2.54020405405,488.087554365,3.8905717644
487.619844238,nm,5.08528108108,2.54264054054,487.619844238,3.86250014009
487.15302962,nm,5.09015405405,2.54507702703,487.15302962,3.84170458457
486.687107941,nm,5.09502702703,2.54751351351,486.687107941,3.82854394091
486.222076642,nm,5.0999,2.54995,486.222076642,3.82329513021
485.757933172,nm,5.10477297297,2.55238648649,485.757933172,3.82616589515
485.294674992,nm,5.10964594595,2.55482297297,485.294674992,3.83730467471
484.832299572,nm,5.11451891892,2.55725945946,484.832299572,3.85680739943
484.37080439,nm,5.11939189189,2.55969594595,484.37080439,3.88472111302
483.910186936,nm,5.12426486486,2.56213243243,483.910186936,3.9210444079
483.450444707,nm,5.12913783784,2.56456891892,483.450444707,3.965724728
482.991575211,nm,5.13401081081,2.56700540541,482.991575211,4.01865266064
482.533575966,nm,5.13888378378,2.56944189189,482.533575966,4.07965342974
482.076444499,nm,5.14375675676,2.57187837838,482.076444499,4.14847593032
481.620178345,nm,5.14862972973,2.57431486486,481.620178345,4.2247798243
481.16477505,nm,5.1535027027,2.57675135135,481.16477505,4.30812145792
480.710232168,nm,5.15837567568,2.57918783784,480.710232168,4.39793966071
480.256547264,nm,5.16324864865,2.58162432432,480.256547264,4.49354282995
479.80371791,nm,5.16812162162,2.58406081081,479.80371791,4.5940990558
479.351741688,nm,5.17299459459,2.5864972973,479.351741688,4.69863133984
478.900616191,nm,5.17786756757,2.58893378378,478.900616191,4.80602011307
478.450339018,nm,5.18274054054,2.59137027027,478.450339018,4.91501515992
478.000907779,nm,5.18761351351,2.59380675676,478.000907779,5.0242585873
477.552320091,nm,5.19248648649,2.59624324324,477.552320091,5.13231955923
477.104573583,nm,5.19735945946,2.59867972973,477.104573583,5.23774013191
476.657665891,nm,5.20223243243,2.60111621622,476.657665891,5.33908977274
476.211594659,nm,5.20710540541,2.6035527027,476.211594659,5.43502426857
475.766357541,nm,5.21197837838,2.60598918919,475.766357541,5.52434309288
475.3219522,nm,5.21685135135,2.60842567568,475.3219522,5.6060383426
474.878376308,nm,5.22172432432,2.61086216216,474.878376308,5.67932845745
474.435627544,nm,5.2265972973,2.61329864865,474.435627544,5.74367130321
473.993703597,nm,5.23147027027,2.61573513514,473.993703597,5.79875375718
473.552602164,nm,5.23634324324,2.61817162162,473.552602164,5.84445829423
473.112320952,nm,5.24121621622,2.62060810811,473.112320952,5.88081062357
472.672857673,nm,5.24608918919,2.62304459459,472.672857673,5.90791548502
472.234210052,nm,5.25096216216,2.62548108108,472.234210052,5.92588970149
471.79637582,nm,5.25583513514,2.62791756757,471.79637582,5.93480215971
471.359352716,nm,5.26070810811,2.63035405405,471.359352716,5.93462949564
470.923138488,nm,5.26558108108,2.63279054054,470.923138488,5.92523408105
470.487730892,nm,5.27045405405,2.63522702703,470.487730892,5.90636779401
470.053127694,nm,5.27532702703,2.63766351351,470.053127694,5.87770144785
469.619326666,nm,5.2802,2.6401,469.619326666,5.83887612327
469.18632559,nm,5.28507297297,2.64253648649,469.18632559,5.78956948494
468.754122254,nm,5.28994594595,2.64497297297,468.754122254,5.72956793109
468.322714457,nm,5.29481891892,2.64740945946,468.322714457,5.65883451238
467.892100003,nm,5.29969189189,2.64984594595,467.892100003,5.57756317967
467.462276706,nm,5.30456486486,2.65228243243,467.462276706,5.48621203331
467.033242388,nm,5.30943783784,2.65471891892,467.033242388,5.38551149474
466.604994879,nm,5.31431081081,2.65715540541,466.604994879,5.27644709184
466.177532016,nm,5.31918378378,2.65959189189,466.177532016,5.16022011179
465.750851645,nm,5.32405675676,2.66202837838,465.750851645,5.03819207485
465.324951618,nm,5.32892972973,2.66446486486,465.324951618,4.9118204089
464.899829798,nm,5.3338027027,2.66690135135,464.899829798,4.78259277521
464.475484053,nm,5.33867567568,2.66933783784,464.475484053,4.6519664342
464.051912261,nm,5.34354864865,2.67177432432,464.051912261,4.52131725982
463.629112305,nm,5.34842162162,2.67421081081,463.629112305,4.3919009795
463.207082078,nm,5.35329459459,2.6766472973,463.207082078,4.26482732915
462.785819479,nm,5.35816756757,2.67908378378,462.785819479,4.14104632576
462.365322417,nm,5.36304054054,2.68152027027,462.365322417,4.02134487965
461.945588807,nm,5.36791351351,2.68395675676,461.945588807,3.906351478
461.526616571,nm,5.37278648649,2.68639324324,461.526616571,3.79654657792
461.108403639,nm,5.37765945946,2.68882972973,461.108403639,3.69227652977
460.690947949,nm,5.38253243243,2.69126621622,460.690947949,3.59376919049
460.274247447,nm,5.38740540541,2.6937027027,460.274247447,3.50114978756
459.858300085,nm,5.39227837838,2.69613918919,459.858300085,3.41445599008
459.443103822,nm,5.39715135135,2.69857567568,459.443103822,3.3336514969
459.028656628,nm,5.40202432432,2.70101216216,459.028656628,3.25863774544
458.614956475,nm,5.4068972973,2.70344864865,458.614956475,3.18926357904
458.202001346,nm,5.41177027027,2.70588513514,458.202001346,3.12533289188
457.789789231,nm,5.41664324324,2.70832162162,457.789789231,3.06661041187
457.378318126,nm,5.42151621622,2.71075810811,457.378318126,3.0128258951
456.967586034,nm,5.42638918919,2.71319459459,456.967586034,2.96367710037
456.557590966,nm,5.43126216216,2.71563108108,456.557590966,2.91883199538
456.148330941,nm,5.43613513514,2.71806756757,456.148330941,2.8779307163
455.739803984,nm,5.44100810811,2.72050405405,455.739803984,2.8405878536
455.332008126,nm,5.44588108108,2.72294054054,455.332008126,2.80639565513
454.924941407,nm,5.45075405405,2.72537702703,454.924941407,2.77492870352
454.518601873,nm,5.45562702703,2.72781351351,454.518601873,2.74575051867
454.112987577,nm,5.4605,2.73025,454.112987577,2.7184223409
453.708096579,nm,5.46537297297,2.73268648649,453.708096579,2.69251406499
453.303926947,nm,5.47024594595,2.73512297297,453.303926947,2.66761693682
452.900476754,nm,5.47511891892,2.73755945946,452.900476754,2.64335724033
452.497744081,nm,5.47999189189,2.73999594595,452.497744081,2.61940986113
452.095727016,nm,5.48486486486,2.74243243243,452.095727016,2.59551039783
451.694423652,nm,5.48973783784,2.74486891892,451.694423652,2.57146447314
451.293832092,nm,5.49461081081,2.74730540541,451.293832092,2.54715311216
450.893950442,nm,5.49948378378,2.74974189189,450.893950442,2.52253348732
450.494776818,nm,5.50435675676,2.75217837838,450.494776818,2.49763490373
450.096309341,nm,5.50922972973,2.75461486486,450.096309341,2.47255050279
449.698546139,nm,5.5141027027,2.75705135135,449.698546139,2.44742567178
449.301485345,nm,5.51897567568,2.75948783784,449.301485345,2.42244446933
448.905125102,nm,5.52384864865,2.76192432432,448.905125102,2.39781546662
448.509463556,nm,5.52872162162,2.76436081081,448.509463556,2.37375827688
448.114498862,nm,5.53359459459,2.7667972973,448.114498862,2.35049175931
447.720229181,nm,5.53846756757,2.76923378378,447.720229181,2.3282245197
447.32665268,nm,5.54334054054,2.77167027027,447.32665268,2.30714796503
446.933767532,nm,5.54821351351,2.77410675676,446.933767532,2.28743186183
446.541571917,nm,5.55308648649,2.77654324324,446.541571917,2.26922212771
446.150064021,nm,5.55795945946,2.77897972973,446.150064021,2.25264045845
445.759242038,nm,5.56283243243,2.78141621622,445.759242038,2.23778534734
445.369104166,nm,5.56770540541,2.7838527027,445.369104166,2.22473406858
444.97964861,nm,5.57257837838,2.78628918919,444.97964861,2.21354524948
444.590873583,nm,5.57745135135,2.78872567568,444.590873583,2.20426172757
444.202777302,nm,5.58232432432,2.79116216216,444.202777302,2.19691346401
443.815357991,nm,5.5871972973,2.79359864865,443.815357991,2.19152035365
443.42861388,nm,5.59207027027,2.79603513514,443.42861388,2.18809483072
443.042543206,nm,5.59694324324,2.79847162162,443.042543206,2.18664421526
442.657144211,nm,5.60181621622,2.80090810811,442.657144211,2.1871727792
442.272415144,nm,5.60668918919,2.80334459459,442.272415144,2.1896835347
441.88835426,nm,5.61156216216,2.80578108108,441.88835426,2.19417976253
441.504959819,nm,5.61643513514,2.80821756757,441.504959819,2.20066630675
441.122230089,nm,5.62130810811,2.81065405405,441.122230089,2.20915066616
440.740163341,nm,5.62618108108,2.81309054054,440.740163341,2.21964391373
440.358757856,nm,5.63105405405,2.81552702703,440.358757856,2.232161474
439.978011918,nm,5.63592702703,2.81796351351,439.978011918,2.24672378619
439.597923816,nm,5.6408,2.8204,439.597923816,2.26335687761
439.218491849,nm,5.64567297297,2.82283648649,439.218491849,2.28209286874
438.839714319,nm,5.65054594595,2.82527297297,438.839714319,2.30297042816
438.461589533,nm,5.65541891892,2.82770945946,438.461589533,2.32603519249
438.084115806,nm,5.66029189189,2.83014594595,438.084115806,2.35134016332
437.707291458,nm,5.66516486486,2.83258243243,437.707291458,2.37894609081
437.331114815,nm,5.67003783784,2.83501891892,437.331114815,2.40892185074
436.955584208,nm,5.67491081081,2.83745540541,436.955584208,2.44134481953
436.580697974,nm,5.67978378378,2.83989189189,436.580697974,2.47630124921
436.206454456,nm,5.68465675676,2.84232837838,436.206454456,2.51388664196
435.832852003,nm,5.68952972973,2.84476486486,435.832852003,2.55420612088
435.459888969,nm,5.6944027027,2.84720135135,435.459888969,2.59737479104
435.087563714,nm,5.69927567568,2.84963783784,435.087563714,2.64351808104
434.715874603,nm,5.70414864865,2.85207432432,434.715874603,2.69277205178
434.344820008,nm,5.70902162162,2.85451081081,434.344820008,2.74528365413
433.974398304,nm,5.71389459459,2.8569472973,433.974398304,2.8012109119
433.604607875,nm,5.71876756757,2.85938378378,433.604607875,2.86072299999
433.235447108,nm,5.72364054054,2.86182027027,433.235447108,2.92400017979
432.866914395,nm,5.72851351351,2.86425675676,432.866914395,2.99123354543
432.499008136,nm,5.73338648649,2.86669324324,432.499008136,3.06262452385
432.131726734,nm,5.73825945946,2.86912972973,432.131726734,3.13838406081
431.765068599,nm,5.74313243243,2.87156621622,431.765068599,3.21873141242
431.399032146,nm,5.74800540541,2.8740027027,431.399032146,3.30389244917
431.033615795,nm,5.75287837838,2.87643918919,431.033615795,3.39409736733
430.668817972,nm,5.75775135135,2.87887567568,430.668817972,3.48957769216
430.304637107,nm,5.76262432432,2.88131216216,430.304637107,3.59056245089
429.941071637,nm,5.7674972973,2.88374864865,429.941071637,3.69727339431
429.578120003,nm,5.77237027027,2.88618513514,429.578120003,3.80991915663
429.215780652,nm,5.77724324324,2.88862162162,429.215780652,3.92868827054
428.854052035,nm,5.78211621622,2.89105810811,428.854052035,4.05374100258
428.492932611,nm,5.78698918919,2.89349459459,428.492932611,4.18520004948
428.132420841,nm,5.79186216216,2.89593108108,428.132420841,4.32314024413
427.772515193,nm,5.79673513514,2.89836756757,427.772515193,4.46757756331
427.413214139,nm,5.80160810811,2.90080405405,427.413214139,4.61845790463
427.054516158,nm,5.80648108108,2.90324054054,427.054516158,4.7756462978
426.696419733,nm,5.81135405405,2.90567702703,426.696419733,4.93891741066
426.33892335,nm,5.81622702703,2.90811351351,426.33892335,5.10794836609
425.982025504,nm,5.8211,2.91055,425.982025504,5.28231494836
425.625724693,nm,5.82597297297,2.91298648649,425.625724693,5.4614921819
425.270019419,nm,5.83084594595,2.91542297297,425.270019419,5.64485995013
424.914908192,nm,5.83571891892,2.91785945946,424.914908192,5.83171374467
424.560389523,nm,5.84059189189,2.92029594595,424.560389523,6.02127980201
424.206461931,nm,5.84546486486,2.92273243243,424.206461931,6.21273287631
423.853123939,nm,5.85033783784,2.92516891892,423.853123939,6.4052138793
423.500374075,nm,5.85521081081,2.92760540541,423.500374075,6.59784383617
423.148210871,nm,5.86008378378,2.93004189189,423.148210871,6.78973033602
422.796632866,nm,5.86495675676,2.93247837838,422.796632866,6.97996313607
422.445638603,nm,5.86982972973,2.93491486486,422.445638603,7.1675969219
422.095226627,nm,5.8747027027,2.93735135135,422.095226627,7.35162135988
421.745395492,nm,5.87957567568,2.93978783784,421.745395492,7.53092122137
421.396143755,nm,5.88444864865,2.94222432432,421.396143755,7.70423207287
421.047469977,nm,5.88932162162,2.94466081081,421.047469977,7.87009929706
420.699372725,nm,5.89419459459,2.9470972973,420.699372725,8.02684955739
420.35185057,nm,5.89906756757,2.94953378378,420.35185057,8.17258387754
420.004902088,nm,5.90394054054,2.95197027027,420.004902088,8.30520008246
419.65852586,nm,5.90881351351,2.95440675676,419.65852586,8.4224494371
419.312720471,nm,5.91368648649,2.95684324324,419.312720471,8.52202813512
418.967484512,nm,5.91855945946,2.95927972973,418.967484512,8.60169927452
418.622816576,nm,5.92343243243,2.96171621622,418.622816576,8.65943579636
418.278715264,nm,5.92830540541,2.9641527027,418.278715264,8.69357043275
417.935179178,nm,5.93317837838,2.96658918919,417.935179178,8.70293595581
417.592206928,nm,5.93805135135,2.96902567568,417.592206928,8.6869787202
417.249797127,nm,5.94292432432,2.97146216216,417.249797127,8.64583101411
416.907948391,nm,5.9477972973,2.97389864865,416.907948391,8.58033282485
416.566659344,nm,5.95267027027,2.97633513514,416.566659344,8.49200040095
416.225928612,nm,5.95754324324,2.97877162162,416.225928612,8.3829461194
415.885754825,nm,5.96241621622,2.98120810811,415.885754825,8.25576023148
415.54613662,nm,5.96728918919,2.98364459459,415.54613662,8.11336896012
415.207072637,nm,5.97216216216,2.98608108108,415.207072637,7.9588846488
414.868561519,nm,5.97703513514,2.98851756757,414.868561519,7.79546236769
414.530601917,nm,5.98190810811,2.99095405405,414.530601917,7.62617423818
414.193192482,nm,5.98678108108,2.99339054054,414.193192482,7.45390866113
413.856331873,nm,5.99165405405,2.99582702703,413.856331873,7.28129751671
413.520018752,nm,5.99652702703,2.99826351351,413.520018752,7.11067090873
413.184251785,nm,6.0014,3.0007,413.184251785,6.94403651096
412.849029643,nm,6.00627297297,3.00313648649,412.849029643,6.7830791092
412.514351001,nm,6.01114594595,3.00557297297,412.514351001,6.62917539398
412.180214538,nm,6.01601891892,3.00800945946,412.180214538,6.48341920934
411.846618938,nm,6.02089189189,3.01044594595,411.846618938,6.3466530505
411.513562888,nm,6.02576486486,3.01288243243,411.513562888,6.21950240118
411.18104508,nm,6.03063783784,3.01531891892,411.18104508,6.10241034436
410.849064212,nm,6.03551081081,3.01775540541,410.849064212,5.99567065845
410.517618983,nm,6.04038378378,3.02019189189,410.517618983,5.89945826815
410.186708098,nm,6.04525675676,3.02262837838,410.186708098,5.81385643598
409.856330267,nm,6.05012972973,3.02506486486,409.856330267,5.73888046001
409.526484201,nm,6.0550027027,3.02750135135,409.526484201,5.67449790478
409.197168618,nm,6.05987567568,3.02993783784,409.197168618,5.62064555637
408.86838224,nm,6.06474864865,3.03237432432,408.86838224,5.57724338297
408.540123791,nm,6.06962162162,3.03481081081,408.540123791,5.54420581901
408.212392002,nm,6.07449459459,3.0372472973,408.212392002,5.52145068989
407.885185606,nm,6.07936756757,3.03968378378,407.885185606,5.50890606859
407.55850334,nm,6.08424054054,3.04212027027,407.55850334,5.50651531474
407.232343946,nm,6.08911351351,3.04455675676,407.232343946,5.51424049599
406.906706171,nm,6.09398648649,3.04699324324,406.906706171,5.53206433668
406.581588762,nm,6.09885945946,3.04942972973,406.581588762,5.55999078086
406.256990475,nm,6.10373243243,3.05186621622,406.256990475,5.59804419793
405.932910066,nm,6.10860540541,3.0543027027,405.932910066,5.64626720028
405.609346298,nm,6.11347837838,3.05673918919,405.609346298,5.70471698368
405.286297937,nm,6.11835135135,3.05917567568,405.286297937,5.77346004364
404.96376375,nm,6.12322432432,3.06161216216,404.96376375,5.85256506681
404.641742512,nm,6.1280972973,3.06404864865,404.641742512,5.94209374672
404.320233001,nm,6.13297027027,3.06648513514,404.320233001,6.04208923429
403.999233997,nm,6.13784324324,3.06892162162,403.999233997,6.15256190977
403.678744285,nm,6.14271621622,3.07135810811,403.678744285,6.27347216556
403.358762655,nm,6.14758918919,3.07379459459,403.358762655,6.40470993062
403.039287899,nm,6.15246216216,3.07623108108,403.039287899,6.5460707637
402.720318814,nm,6.15733513514,3.07866756757,402.720318814,6.69722851574
402.401854199,nm,6.16220810811,3.08110405405,402.401854199,6.85770483344
402.08389286,nm,6.16708108108,3.08354054054,402.08389286,7.02683616933
401.766433604,nm,6.17195405405,3.08597702703,401.766433604,7.20373949574
401.449475243,nm,6.17682702703,3.08841351351,401.449475243,7.38727859443
401.133016592,nm,6.1817,3.09085,401.133016592,7.57603358935
400.81705647,nm,6.18657297297,3.09328648649,400.81705647,7.7682772465
400.501593701,nm,6.19144594595,3.09572297297,400.501593701,7.96196237254
400.186627111,nm,6.19631891892,3.09815945946,400.186627111,8.15472522773
399.87215553,nm,6.20119189189,3.10059594595,399.87215553,8.34391000422
399.558177792,nm,6.20606486486,3.10303243243,399.558177792,8.52661884621
399.244692735,nm,6.21093783784,3.10546891892,399.244692735,8.69979037337
398.9316992,nm,6.21581081081,3.10790540541,398.9316992,8.86030708656
398.619196032,nm,6.22068378378,3.11034189189,398.619196032,9.00512846781
398.30718208,nm,6.22555675676,3.11277837838,398.30718208,9.13144240376
397.995656196,nm,6.23042972973,3.11521486486,397.995656196,9.23682343826
397.684617234,nm,6.2353027027,3.11765135135,397.684617234,9.31938319069
397.374064056,nm,6.24017567568,3.12008783784,397.374064056,9.3778969759
397.063995522,nm,6.24504864865,3.12252432432,397.063995522,9.41189187842
396.754410501,nm,6.24992162162,3.12496081081,396.754410501,9.42168539105
396.445307861,nm,6.25479459459,3.1273972973,396.445307861,9.40836968782
396.136686477,nm,6.25966756757,3.12983378378,396.136686477,9.37374354861
395.828545225,nm,6.26454054054,3.13227027027,395.828545225,9.32020048673
395.520882985,nm,6.26941351351,3.13470675676,395.520882985,9.25058647262
395.213698642,nm,6.27428648649,3.13714324324,395.213698642,9.16804299099
394.906991083,nm,6.27915945946,3.13957972973,394.906991083,9.07585086572
394.600759198,nm,6.28403243243,3.14201621622,394.600759198,8.97728779116
394.295001883,nm,6.28890540541,3.1444527027,394.295001883,8.87550865973
393.989718034,nm,6.29377837838,3.14688918919,393.989718034,8.77345350611
393.684906553,nm,6.29865135135,3.14932567568,393.684906553,8.67378398416
393.380566344,nm,6.30352432432,3.15176216216,393.380566344,8.57884625448
393.076696315,nm,6.3083972973,3.15419864865,393.076696315,8.4906561841
392.773295378,nm,6.31327027027,3.15663513514,392.773295378,8.41090179642
392.470362446,nm,6.31814324324,3.15907162162,392.470362446,8.34095776203
392.167896439,nm,6.32301621622,3.16150810811,392.167896439,8.28190713588
391.865896277,nm,6.32788918919,3.16394459459,391.865896277,8.23456628158
391.564360885,nm,6.33276216216,3.16638108108,391.564360885,8.19950978917
391.263289191,nm,6.33763513514,3.16881756757,391.263289191,8.17709305833
390.962680126,nm,6.34250810811,3.17125405405,390.962680126,8.16747101502
390.662532624,nm,6.34738108108,3.17369054054,390.662532624,8.17061213187
390.362845624,nm,6.35225405405,3.17612702703,390.362845624,8.18630753738
390.063618065,nm,6.35712702703,3.17856351351,390.063618065,8.21417555148
389.764848894,nm,6.362,3.181,389.764848894,8.25366250247
389.466537057,nm,6.36687297297,3.18343648649,389.466537057,8.30404118512
389.168681504,nm,6.37174594595,3.18587297297,389.168681504,8.3644088176
388.871281191,nm,6.37661891892,3.18830945946,388.871281191,8.43368682442
388.574335073,nm,6.38149189189,3.19074594595,388.574335073,8.51062516158
388.277842111,nm,6.38636486486,3.19318243243,388.277842111,8.59381412052
387.981801269,nm,6.39123783784,3.19561891892,387.981801269,8.68170648106
387.686211514,nm,6.39611081081,3.19805540541,387.686211514,8.77265240324
387.391071814,nm,6.40098378378,3.20049189189,387.391071814,8.86494844951
387.096381143,nm,6.40585675676,3.20292837838,387.096381143,8.95690057838
386.802138478,nm,6.41072972973,3.20536486486,386.802138478,9.04689893746
386.508342797,nm,6.4156027027,3.20780135135,386.508342797,9.13350005209
386.214993082,nm,6.42047567568,3.21023783784,386.214993082,9.21550994898
385.922088319,nm,6.42534864865,3.21267432432,385.922088319,9.29206035343
385.629627496,nm,6.43022162162,3.21511081081,385.629627496,9.36266979824
385.337609605,nm,6.43509459459,3.2175472973,385.337609605,9.42728254346
385.04603364,nm,6.43996756757,3.21998378378,385.04603364,9.48628058566
384.754898599,nm,6.44484054054,3.22242027027,384.754898599,9.54046734941
384.464203483,nm,6.44971351351,3.22485675676,384.464203483,9.59102525764
384.173947294,nm,6.45458648649,3.22729324324,384.173947294,9.63945254482
383.88412904,nm,6.45945945946,3.22972972973,383.88412904,9.68748680551
383.59474773,nm,6.46433243243,3.23216621622,383.59474773,9.73702354616
383.305802378,nm,6.46920540541,3.2346027027,383.305802378,9.79003745734
383.017291997,nm,6.47407837838,3.23703918919,383.017291997,9.84851255955
382.729215608,nm,6.47895135135,3.23947567568,382.729215608,9.9143852621
382.441572231,nm,6.48382432432,3.24191216216,382.441572231,9.98950218311
382.154360891,nm,6.4886972973,3.24434864865,382.154360891,10.0755926752
381.867580615,nm,6.49357027027,3.24678513514,381.867580615,10.1742545969
381.581230434,nm,6.49844324324,3.24922162162,381.581230434,10.2869510231
381.295309381,nm,6.50331621622,3.25165810811,381.295309381,10.4150152461
381.009816491,nm,6.50818918919,3.25409459459,381.009816491,10.5596614655
380.724750805,nm,6.51306216216,3.25653108108,380.724750805,10.7219988721
380.440111362,nm,6.51793513514,3.25896756757,380.440111362,10.9030472679
380.15589721,nm,6.52280810811,3.26140405405,380.15589721,11.1037528488
379.872107394,nm,6.52768108108,3.26384054054,379.872107394,11.3250032356
379.588740965,nm,6.53255405405,3.26627702703,379.588740965,11.5676412268
379.305796977,nm,6.53742702703,3.26871351351,379.305796977,11.8324770498
379.023274485,nm,6.5423,3.27115,379.023274485,12.120299069
378.741172549,nm,6.54717297297,3.27358648649,378.741172549,12.4318829701
378.45949023,nm,6.55204594595,3.27602297297,378.45949023,12.7679993589
378.178226592,nm,6.55691891892,3.27845945946,378.178226592,13.1294194801
377.897380703,nm,6.56179189189,3.28089594595,377.897380703,13.5169183953
377.616951633,nm,6.56666486486,3.28333243243,377.616951633,13.9312744746
377.336938454,nm,6.57153783784,3.28576891892,377.336938454,14.3732635227
377.057340242,nm,6.57641081081,3.28820540541,377.057340242,14.8436453547
376.778156076,nm,6.58128378378,3.29064189189,376.778156076,15.3431402684
376.499385035,nm,6.58615675676,3.29307837838,376.499385035,15.8723927312
376.221026205,nm,6.59102972973,3.29551486486,376.221026205,16.4319197827
375.94307867,nm,6.5959027027,3.29795135135,375.94307867,17.0220421823
375.665541521,nm,6.60077567568,3.30038783784,375.665541521,17.6427971992
375.38841385,nm,6.60564864865,3.30282432432,375.38841385,18.2938330872
375.111694749,nm,6.61052162162,3.30526081081,375.111694749,18.9742866874
374.835383318,nm,6.61539459459,3.3076972973,374.835383318,19.6826472202
374.559478655,nm,6.62026756757,3.31013378378,374.559478655,20.4166112105
374.283979863,nm,6.62514054054,3.31257027027,374.283979863,21.1729356616
374.008886047,nm,6.63001351351,3.31500675676,374.008886047,21.9472991023
373.734196314,nm,6.63488648649,3.31744324324,373.734196314,22.7341828786
373.459909776,nm,6.63975945946,3.31987972973,373.459909776,23.5267878076
373.186025545,nm,6.64463243243,3.32231621622,373.186025545,24.3170035735
372.912542736,nm,6.64950540541,3.3247527027,372.912542736,25.095449281
372.639460467,nm,6.65437837838,3.32718918919,372.639460467,25.8516024917
372.36677786,nm,6.65925135135,3.32962567568,372.36677786,26.5740299278
372.094494038,nm,6.66412432432,3.33206216216,372.094494038,27.2507251892
371.822608126,nm,6.6689972973,3.33449864865,371.822608126,27.8695472814
371.551119252,nm,6.67387027027,3.33693513514,371.551119252,28.4187394472
371.280026549,nm,6.67874324324,3.33937162162,371.280026549,28.8874928139
371.009329148,nm,6.68361621622,3.34180810811,371.009329148,29.2665067539
370.739026187,nm,6.68848918919,3.34424459459,370.739026187,29.5484909583
370.469116804,nm,6.69336216216,3.34668108108,370.469116804,29.7285557766
370.199600139,nm,6.69823513514,3.34911756757,370.199600139,29.8044484036
369.930475336,nm,6.70310810811,3.35155405405,369.930475336,29.776611657
369.661741542,nm,6.70798108108,3.35399054054,369.661741542,29.6480657478
369.393397904,nm,6.71285405405,3.35642702703,369.393397904,29.4241365479
369.125443575,nm,6.71772702703,3.35886351351,369.125443575,29.1120714677
368.857877706,nm,6.7226,3.3613,368.857877706,28.7205928245
368.590699454,nm,6.72747297297,3.36373648649,368.590699454,28.2594376776
368.323907977,nm,6.73234594595,3.36617297297,368.323907977,27.738924252
368.057502436,nm,6.73721891892,3.36860945946,368.057502436,27.1695716777
367.791481995,nm,6.74209189189,3.37104594595,367.791481995,26.5617857161
367.525845818,nm,6.74696486486,3.37348243243,367.525845818,25.9256115695
367.260593074,nm,6.75183783784,3.37591891892,367.260593074,25.2705474505
366.995722933,nm,6.75671081081,3.37835540541,366.995722933,24.6054094658
366.731234568,nm,6.76158378378,3.38079189189,366.731234568,23.9382385199
366.467127155,nm,6.76645675676,3.38322837838,366.467127155,23.2762418422
366.203399869,nm,6.77132972973,3.38566486486,366.203399869,22.6257639837
365.940051893,nm,6.7762027027,3.38810135135,365.940051893,21.9922837756
365.677082407,nm,6.78107567568,3.39053783784,365.677082407,21.3804344643
365.414490597,nm,6.78594864865,3.39297432432,365.414490597,20.7940441365
365.152275649,nm,6.79082162162,3.39541081081,365.152275649,20.2361930023
364.890436753,nm,6.79569459459,3.3978472973,364.890436753,19.7092834789
364.628973101,nm,6.80056756757,3.40028378378,364.628973101,19.2151186279
364.367883885,nm,6.80544054054,3.40272027027,364.367883885,18.754984464
364.107168303,nm,6.81031351351,3.40515675676,364.107168303,18.3297319995
363.846825554,nm,6.81518648649,3.40759324324,363.846825554,17.9398555291
363.586854837,nm,6.82005945946,3.41002972973,363.586854837,17.5855644763
363.327255356,nm,6.82493243243,3.41246621622,363.327255356,17.2668469897
363.068026316,nm,6.82980540541,3.4149027027,363.068026316,16.9835242926
362.809166926,nm,6.83467837838,3.41733918919,362.809166926,16.7352954603
362.550676394,nm,6.83955135135,3.41977567568,362.550676394,16.5217728009
362.292553933,nm,6.84442432432,3.42221216216,362.292553933,16.3425083244
362.034798758,nm,6.8492972973,3.42464864865,362.034798758,16.1970119234
361.777410086,nm,6.85417027027,3.42708513514,361.777410086,16.0847618986
361.520387134,nm,6.85904324324,3.42952162162,361.520387134,16.0052083884
361.263729124,nm,6.86391621622,3.43195810811,361.263729124,15.9577701556
361.007435279,nm,6.86878918919,3.43439459459,361.007435279,15.9418250923
360.751504826,nm,6.87366216216,3.43683108108,360.751504826,15.9566947652
360.495936991,nm,6.87853513514,3.43926756757,360.495936991,16.001623376
360.240731004,nm,6.88340810811,3.44170405405,360.240731004,16.0757516759
359.985886098,nm,6.88828108108,3.44414054054,359.985886098,16.1780866857
359.731401506,nm,6.89315405405,3.44657702703,359.731401506,16.3074685368
359.477276466,nm,6.89802702703,3.44901351351,359.477276466,16.4625363864
359.223510215,nm,6.9029,3.45145,359.223510215,16.6416961317
358.970101995,nm,6.90777297297,3.45388648649,358.970101995,16.8430935211
358.717051047,nm,6.91264594595,3.45632297297,358.717051047,17.064597113
358.464356618,nm,6.91751891892,3.45875945946,358.464356618,17.3037962039
358.212017954,nm,6.92239189189,3.46119594595,358.212017954,17.5580191028
357.960034305,nm,6.92726486486,3.46363243243,357.960034305,17.8243766999
357.708404921,nm,6.93213783784,3.46606891892,357.708404921,18.0998348934
357.457129056,nm,6.93701081081,3.46850540541,357.457129056,18.3813169263
357.206205966,nm,6.94188378378,3.47094189189,357.206205966,18.6658330667
356.955634909,nm,6.94675675676,3.47337837838,356.955634909,18.9506306427
356.705415143,nm,6.95162972973,3.47581486486,356.705415143,19.233352865
356.455545931,nm,6.9565027027,3.47825135135,356.455545931,19.5121910408
356.206026537,nm,6.96137567568,3.48068783784,356.206026537,19.7860127224
355.956856226,nm,6.96624864865,3.48312432432,355.956856226,20.0544488379
355.708034267,nm,6.97112162162,3.48556081081,355.708034267,20.3179262453
355.459559929,nm,6.97599459459,3.4879972973,355.459559929,20.5776380691
355.211432485,nm,6.98086756757,3.49043378378,355.211432485,20.8354515824
354.963651208,nm,6.98574054054,3.49287027027,354.963651208,21.0937608733
354.716215375,nm,6.99061351351,3.49530675676,354.716215375,21.3552976571
354.469124264,nm,6.99548648649,3.49774324324,354.469124264,21.6229173897
354.222377154,nm,7.00035945946,3.50017972973,354.222377154,21.8993789668
353.975973329,nm,7.00523243243,3.50261621622,353.975973329,22.1871351232
353.729912071,nm,7.01010540541,3.5050527027,353.729912071,22.4881479644
353.484192668,nm,7.01497837838,3.50748918919,353.484192668,22.8037408218
353.238814407,nm,7.01985135135,3.50992567568,353.238814407,23.1344945721
352.993776578,nm,7.02472432432,3.51236216216,352.993776578,23.4801941155
352.749078474,nm,7.0295972973,3.51479864865,352.749078474,23.8398288233
352.504719388,nm,7.03447027027,3.51723513514,352.504719388,24.211649071
352.260698616,nm,7.03934324324,3.51967162162,352.260698616,24.593278881
352.017015457,nm,7.04421621622,3.52210810811,352.017015457,24.9818816678
351.773669209,nm,7.04908918919,3.52454459459,351.773669209,25.3743717899
351.530659176,nm,7.05396216216,3.52698108108,351.530659176,25.7676592215
351.287984659,nm,7.05883513514,3.52941756757,351.287984659,26.1589088514
351.045644966,nm,7.06370810811,3.53185405405,351.045644966,26.5457908881
350.803639404,nm,7.06858108108,3.53429054054,350.803639404,26.9266960328
350.561967281,nm,7.07345405405,3.53672702703,350.561967281,27.3008897563
350.320627911,nm,7.07832702703,3.53916351351,350.320627911,27.6685848229
350.079620604,nm,7.0832,3.5416,350.079620604,28.0309198389
349.838944678,nm,7.08807297297,3.54403648649,349.838944678,28.3898427426
349.598599448,nm,7.09294594595,3.54647297297,349.598599448,28.7479097961
349.358584234,nm,7.09781891892,3.54890945946,349.358584234,29.1080206445
349.118898357,nm,7.10269189189,3.55134594595,349.118898357,29.473116728
348.879541138,nm,7.10756486486,3.55378243243,348.879541138,29.8458729843
348.640511903,nm,7.11243783784,3.55621891892,348.640511903,30.2284115396
348.401809978,nm,7.11731081081,3.55865540541,348.401809978,30.6220618022
348.163434691,nm,7.12218378378,3.56109189189,348.163434691,31.0271851632
347.925385372,nm,7.12705675676,3.56352837838,347.925385372,31.443075367
347.687661353,nm,7.13192972973,3.56596486486,347.687661353,31.8679381843
347.450261967,nm,7.1368027027,3.56840135135,347.450261967,32.2989466446
347.213186551,nm,7.14167567568,3.57083783784,347.213186551,32.7323609911
346.976434441,nm,7.14654864865,3.57327432432,346.976434441,33.1636960901
346.740004976,nm,7.15142162162,3.57571081081,346.740004976,33.5879139941
346.503897497,nm,7.15629459459,3.5781472973,346.503897497,33.9996168014
346.268111347,nm,7.16116756757,3.58058378378,346.268111347,34.3932160046
346.032645871,nm,7.16604054054,3.58302027027,346.032645871,34.7630599454
345.797500415,nm,7.17091351351,3.58545675676,345.797500415,35.103510657
345.562674326,nm,7.17578648649,3.58789324324,345.562674326,35.4089739615
345.328166955,nm,7.18065945946,3.59032972973,345.328166955,35.6738997401
345.093977653,nm,7.18553243243,3.59276621622,345.093977653,35.8927797114
344.860105774,nm,7.19040540541,3.5952027027,344.860105774,36.0601748866
344.626550672,nm,7.19527837838,3.59763918919,344.626550672,36.1708021718
344.393311704,nm,7.20015135135,3.60007567568,344.393311704,36.2196990672
344.16038823,nm,7.20502432432,3.60251216216,344.16038823,36.2024686815
343.927779608,nm,7.2098972973,3.60494864865,343.927779608,36.1155876465
343.695485202,nm,7.21477027027,3.60738513514,343.695485202,35.9567413011
343.463504375,nm,7.21964324324,3.60982162162,343.463504375,35.7251380942
343.231836493,nm,7.22451621622,3.61225810811,343.231836493,35.4217518031
343.000480922,nm,7.22938918919,3.61469459459,343.000480922,35.0494471549
342.769437032,nm,7.23426216216,3.61713108108,342.769437032,34.6129605073
342.538704193,nm,7.23913513514,3.61956756757,342.538704193,34.1187289195
342.308281777,nm,7.24400810811,3.62200405405,342.308281777,33.5745834181
342.078169159,nm,7.24888108108,3.62444054054,342.078169159,32.9893408335
341.848365713,nm,7.25375405405,3.62687702703,341.848365713,32.372339897
341.618870818,nm,7.25862702703,3.62931351351,341.618870818,31.7329701015
341.389683853,nm,7.2635,3.63175,341.389683853,31.0802370112
341.160804197,nm,7.26837297297,3.63418648649,341.160804197,30.4223975987
340.932231234,nm,7.27324594595,3.63662297297,340.932231234,29.7666866645
340.703964347,nm,7.27811891892,3.63905945946,340.703964347,29.1191430362
340.476002922,nm,7.28299189189,3.64149594595,340.476002922,28.4845337752
340.248346346,nm,7.28786486486,3.64393243243,340.248346346,27.8663668306
340.020994008,nm,7.29273783784,3.64636891892,340.020994008,27.2669774782
339.793945299,nm,7.29761081081,3.64880540541,339.793945299,26.6876710277
339.567199611,nm,7.30248378378,3.65124189189,339.567199611,26.1289031188
339.340756337,nm,7.30735675676,3.65367837838,339.340756337,25.5904790171
339.114614874,nm,7.31222972973,3.65611486486,339.114614874,25.0717543904
338.888774617,nm,7.3171027027,3.65855135135,338.888774617,24.5718220137
338.663234966,nm,7.32197567568,3.66098783784,338.663234966,24.0896716701
338.43799532,nm,7.32684864865,3.66342432432,338.43799532,23.6243141046
338.213055083,nm,7.33172162162,3.66586081081,338.213055083,23.1748640598
337.988413656,nm,7.33659459459,3.6682972973,337.988413656,22.7405818717
337.764070445,nm,7.34146756757,3.67073378378,337.764070445,22.320877427
337.540024857,nm,7.34634054054,3.67317027027,337.540024857,21.9152840574
337.3162763,nm,7.35121351351,3.67560675676,337.3162763,21.5234127582
337.092824183,nm,7.35608648649,3.67804324324,337.092824183,21.1448986323
336.869667918,nm,7.36095945946,3.68047972973,336.869667918,20.7793514646
336.646806917,nm,7.36583243243,3.68291621622,336.646806917,20.4263207865
336.424240595,nm,7.37070540541,3.6853527027,336.424240595,20.0852828533
336.201968368,nm,7.37557837838,3.68778918919,336.201968368,19.7556529953
335.979989653,nm,7.38045135135,3.69022567568,335.979989653,19.4368223558
335.75830387,nm,7.38532432432,3.69266216216,335.75830387,19.1282137684
335.536910438,nm,7.3901972973,3.69509864865,335.536910438,18.8293481331
335.31580878,nm,7.39507027027,3.69753513514,335.31580878,18.5399107467
335.09499832,nm,7.39994324324,3.69997162162,335.09499832,18.2598069754
334.874478482,nm,7.40481621622,3.70240810811,334.874478482,17.9891984723
334.654248694,nm,7.40968918919,3.70484459459,334.654248694,17.7285144544
334.434308383,nm,7.41456216216,3.70728108108,334.434308383,17.4784366782
334.214656979,nm,7.41943513514,3.70971756757,334.214656979,17.2398608291
333.995293912,nm,7.42430810811,3.71215405405,333.995293912,17.0138402725
333.776218617,nm,7.42918108108,3.71459054054,333.776218617,16.80151999
333.557430526,nm,7.43405405405,3.71702702703,333.557430526,16.6040688755
333.338929076,nm,7.43892702703,3.71946351351,333.338929076,16.4226176061
333.120713703,nm,7.4438,3.7219,333.120713703,16.2582074506
332.902783846,nm,7.44867297297,3.72433648649,332.902783846,16.1117531339
332.685138946,nm,7.45354594595,3.72677297297,332.685138946,15.9840206647
332.467778442,nm,7.45841891892,3.72920945946,332.467778442,15.8756191328
332.250701779,nm,7.46329189189,3.73164594595,332.250701779,15.7870040074
332.033908401,nm,7.46816486486,3.73408243243,332.033908401,15.7184884379
331.817397753,nm,7.47303783784,3.73651891892,331.817397753,15.6702584456
331.601169284,nm,7.47791081081,3.73895540541,331.601169284,15.6423876616
331.385222441,nm,7.48278378378,3.74139189189,331.385222441,15.6348474316
331.169556674,nm,7.48765675676,3.74382837838,331.169556674,15.6475086785
330.954171436,nm,7.49252972973,3.74626486486,330.954171436,15.6801328867
330.73906618,nm,7.4974027027,3.74870135135,330.73906618,15.7323508927
330.524240359,nm,7.50227567568,3.75113783784,330.524240359,15.8036297158
330.309693429,nm,7.50714864865,3.75357432432,330.309693429,15.8932292778
330.095424849,nm,7.51202162162,3.75601081081,330.095424849,16.0001523732
329.881434076,nm,7.51689459459,3.7584472973,329.881434076,16.1230925329
329.667720571,nm,7.52176756757,3.76088378378,329.667720571,16.2603853847
329.454283795,nm,7.52664054054,3.76332027027,329.454283795,16.4099697261
329.24112321,nm,7.53151351351,3.76575675676,329.24112321,16.5693647494
329.028238282,nm,7.53638648649,3.76819324324,329.028238282,16.7356696611
328.815628476,nm,7.54125945946,3.77062972973,328.815628476,16.9055912217
328.603293259,nm,7.54613243243,3.77306621622,328.603293259,17.0755033829
328.391232099,nm,7.55100540541,3.7755027027,328.391232099,17.2415411147
328.179444465,nm,7.55587837838,3.77793918919,328.179444465,17.3997276681
327.96792983,nm,7.56075135135,3.78037567568,327.96792983,17.5461310062
327.756687666,nm,7.56562432432,3.78281216216,327.756687666,17.6770412646
327.545717446,nm,7.5704972973,3.78524864865,327.545717446,17.7891573375
327.335018645,nm,7.57537027027,3.78768513514,327.335018645,17.8797676658
327.124590741,nm,7.58024324324,3.79012162162,327.124590741,17.9469086918
326.914433211,nm,7.58511621622,3.79255810811,326.914433211,17.9894848116
326.704545534,nm,7.58998918919,3.79499459459,326.704545534,18.0073362869
326.494927191,nm,7.59486216216,3.79743108108,326.494927191,18.001246362
326.285577664,nm,7.59973513514,3.79986756757,326.285577664,17.972885175
326.076496436,nm,7.60460810811,3.80230405405,326.076496436,17.9246949892
325.867682992,nm,7.60948108108,3.80474054054,325.867682992,17.8597276415
325.659136817,nm,7.61435405405,3.80717702703,325.659136817,17.7814498423
325.450857399,nm,7.61922702703,3.80961351351,325.450857399,17.6935343917
325.242844226,nm,7.6241,3.81205,325.242844226,17.5996553156
325.035096788,nm,7.62897297297,3.81448648649,325.035096788,17.5033027366
324.827614576,nm,7.63384594595,3.81692297297,324.827614576,17.4076296903
324.620397083,nm,7.63871891892,3.81935945946,324.620397083,17.3153389014
324.413443802,nm,7.64359189189,3.82179594595,324.413443802,17.2286134676
324.206754228,nm,7.64846486486,3.82423243243,324.206754228,17.1490919053
324.000327858,nm,7.65333783784,3.82666891892,324.000327858,17.0778852395
323.794164188,nm,7.65821081081,3.82910540541,323.794164188,17.0156316675
323.588262719,nm,7.66308378378,3.83154189189,323.588262719,16.9625825795
323.38262295,nm,7.66795675676,3.83397837838,323.38262295,16.9187121969
323.177244382,nm,7.67282972973,3.83641486486,323.177244382,16.8838417292
322.972126518,nm,7.6777027027,3.83885135135,322.972126518,16.8577678945
322.767268862,nm,7.68257567568,3.84128783784,322.767268862,16.840385177
322.562670919,nm,7.68744864865,3.84372432432,322.562670919,16.8317916308
322.358332196,nm,7.69232162162,3.84616081081,322.358332196,16.8323696012
322.154252201,nm,7.69719459459,3.8485972973,322.154252201,16.8428354159
321.950430441,nm,7.70206756757,3.85103378378,321.950430441,16.8642555831
321.746866428,nm,7.70694054054,3.85347027027,321.746866428,16.8980307756
321.543559672,nm,7.71181351351,3.85590675676,321.543559672,16.945852229
321.340509687,nm,7.71668648649,3.85834324324,321.340509687,17.0096375564
321.137715986,nm,7.72155945946,3.86077972973,321.137715986,17.091454059
320.935178085,nm,7.72643243243,3.86321621622,320.935178085,17.1934373449
320.732895499,nm,7.73130540541,3.8656527027,320.732895499,17.3177117215
320.530867747,nm,7.73617837838,3.86808918919,320.530867747,17.4663168096
320.329094346,nm,7.74105135135,3.87052567568,320.329094346,17.6411426142
320.127574817,nm,7.74592432432,3.87296216216,320.127574817,17.8438732785
319.926308682,nm,7.7507972973,3.87539864865,319.926308682,18.0759382144
319.725295461,nm,7.75567027027,3.87783513514,319.725295461,18.3384683807
319.52453468,nm,7.76054324324,3.88027162162,319.52453468,18.6322551913
319.324025863,nm,7.76541621622,3.88270810811,319.324025863,18.957709822
319.123768535,nm,7.77028918919,3.88514459459,319.123768535,19.3148214618
318.923762225,nm,7.77516216216,3.88758108108,318.923762225,19.7031142385
318.724006459,nm,7.78003513514,3.89001756757,318.724006459,20.1216040325
318.524500769,nm,7.78490810811,3.89245405405,318.524500769,20.5687580889
318.325244683,nm,7.78978108108,3.89489054054,318.325244683,21.0424620984
318.126237735,nm,7.79465405405,3.89732702703,318.126237735,21.5400010541
317.927479458,nm,7.79952702703,3.89976351351,317.927479458,22.058061413
317.728969384,nm,7.8044,3.9022,317.728969384,22.5927625415
317.530707051,nm,7.80927297297,3.90463648649,317.530707051,23.1397246846
317.332691994,nm,7.81414594595,3.90707297297,317.332691994,23.6941783957
317.134923752,nm,7.81901891892,3.90950945946,317.134923752,24.2511162913
316.937401862,nm,7.82389189189,3.91194594595,316.937401862,24.8054822869
316.740125865,nm,7.82876486486,3.91438243243,316.740125865,25.3523867269
316.543095302,nm,7.83363783784,3.91681891892,316.543095302,25.8873291673
316.346309715,nm,7.83851081081,3.91925540541,316.346309715,26.4064054922
316.149768648,nm,7.84338378378,3.92169189189,316.149768648,26.9064740951
315.953471646,nm,7.84825675676,3.92412837838,315.953471646,27.3852581499
315.757418253,nm,7.85312972973,3.92656486486,315.757418253,27.8413677672
315.561608017,nm,7.8580027027,3.92900135135,315.561608017,28.2742361941
315.366040485,nm,7.86287567568,3.93143783784,315.366040485,28.6839762625
315.170715207,nm,7.86774864865,3.93387432432,315.170715207,29.0711746164
314.975631733,nm,7.87262162162,3.93631081081,314.975631733,29.4366496101
314.780789614,nm,7.87749459459,3.9387472973,314.780789614,29.7812027456
314.586188402,nm,7.88236756757,3.94118378378,314.586188402,30.1053928276
314.391827651,nm,7.88724054054,3.94362027027,314.391827651,30.4093574342
314.197706916,nm,7.89211351351,3.94605675676,314.197706916,30.6926992519
314.003825751,nm,7.89698648649,3.94849324324,314.003825751,30.9544468281
313.810183715,nm,7.90185945946,3.95092972973,313.810183715,31.1930915172
313.616780365,nm,7.90673243243,3.95336621622,313.616780365,31.4066954336
313.423615259,nm,7.91160540541,3.9558027027,313.423615259,31.593059154
313.230687958,nm,7.91647837838,3.95823918919,313.230687958,31.7499325777
313.037998023,nm,7.92135135135,3.96067567568,313.037998023,31.8752477028
312.845545016,nm,7.92622432432,3.96311216216,312.845545016,31.9673484142
312.653328501,nm,7.9310972973,3.96554864865,312.653328501,32.0251904736
312.461348041,nm,7.93597027027,3.96798513514,312.461348041,32.0484857291
312.269603203,nm,7.94084324324,3.97042162162,312.269603203,32.0377689812
312.078093552,nm,7.94571621622,3.97285810811,312.078093552,31.9943741833
311.886818657,nm,7.95058918919,3.97529459459,311.886818657,31.9203180259
311.695778085,nm,7.95546216216,3.97773108108,311.695778085,31.8181018259
311.504971407,nm,7.96033513514,3.98016756757,311.504971407,31.690454808
311.314398194,nm,7.96520810811,3.98260405405,311.314398194,31.5400510995
311.124058016,nm,7.97008108108,3.98504054054,311.124058016,31.3692374384
310.933950447,nm,7.97495405405,3.98747702703,310.933950447,31.179808004
310.744075061,nm,7.97982702703,3.98991351351,310.744075061,30.9728571593
310.554431433,nm,7.9847,3.99235,310.554431433,30.7487312197
310.365019138,nm,7.98957297297,3.99478648649,310.365019138,30.5070879679
310.175837754,nm,7.99444594595,3.99722297297,310.175837754,30.2470590387
309.986886859,nm,7.99931891892,3.99965945946,309.986886859,29.9674970583
309.79816603,nm,8.00419189189,4.00209594595,309.79816603,29.6672781411
309.60967485,nm,8.00906486486,4.00453243243,309.60967485,29.3456226325
309.421412898,nm,8.01393783784,4.00696891892,309.421412898,29.002394209
309.233379758,nm,8.01881081081,4.00940540541,309.233379758,28.6383404208
309.045575011,nm,8.02368378378,4.01184189189,309.045575011,28.2552463106
308.857998242,nm,8.02855675676,4.01427837838,308.857998242,27.8559855561
308.670649036,nm,8.03342972973,4.01671486486,308.670649036,27.4444683274
308.48352698,nm,8.0383027027,4.01915135135,308.48352698,27.0254989251
308.29663166,nm,8.04317567568,4.02158783784,308.29663166,26.6045667658
308.109962665,nm,8.04804864865,4.02402432432,308.109962665,26.1875997907
307.923519584,nm,8.05292162162,4.02646081081,307.923519584,25.780709601
307.737302007,nm,8.05779459459,4.0288972973,307.737302007,25.3899534012
307.551309524,nm,8.06266756757,4.03133378378,307.551309524,25.0211307942
307.365541729,nm,8.06754054054,4.03377027027,307.365541729,24.6796254246
307.179998214,nm,8.07241351351,4.03620675676,307.179998214,24.3702939685
306.994678573,nm,8.07728648649,4.03864324324,306.994678573,24.0973990203
306.809582402,nm,8.08215945946,4.04107972973,306.809582402,23.8645784647
306.624709296,nm,8.08703243243,4.04351621622,306.624709296,23.6748418771
306.440058853,nm,8.09190540541,4.0459527027,306.440058853,23.5305840323
306.25563067,nm,8.09677837838,4.04838918919,306.25563067,23.4336062503
306.071424346,nm,8.10165135135,4.05082567568,306.071424346,23.385137631
305.887439482,nm,8.10652432432,4.05326216216,305.887439482,23.3858498696
305.703675677,nm,8.1113972973,4.05569864865,305.703675677,23.435861085
305.520132535,nm,8.11627027027,4.05813513514,305.520132535,23.5347258141
305.336809658,nm,8.12114324324,4.06057162162,305.336809658,23.6814100065
305.153706648,nm,8.12601621622,4.06300810811,305.153706648,23.8742515206
304.970823113,nm,8.13088918919,4.06544459459,304.970823113,24.110908341
304.788158655,nm,8.13576216216,4.06788108108,304.788158655,24.3882985201
304.605712884,nm,8.14063513514,4.07031756757,304.605712884,24.7025377083
304.423485405,nm,8.14550810811,4.07275405405,304.423485405,25.0488819655
304.241475827,nm,8.15038108108,4.07519054054,304.241475827,25.421685175
304.059683761,nm,8.15525405405,4.07762702703,304.059683761,25.8143815218
303.878108815,nm,8.16012702703,4.08006351351,303.878108815,26.2195038195
303.696750602,nm,8.165,4.0825,303.696750602,26.62874761
303.515608733,nm,8.16987297297,4.08493648649,303.515608733,27.0330886607
303.334682822,nm,8.17474594595,4.08737297297,303.334682822,27.4229576379
303.153972483,nm,8.17961891892,4.08980945946,303.153972483,27.7884705326
302.97347733,nm,8.18449189189,4.09224594595,302.97347733,28.1197073252
302.793196979,nm,8.18936486486,4.09468243243,302.793196979,28.4070251788
302.613131048,nm,8.19423783784,4.09711891892,302.613131048,28.6413870825
302.433279154,nm,8.19911081081,4.09955540541,302.433279154,28.8146832888
302.253640916,nm,8.20398378378,4.10199189189,302.253640916,28.9200218787
302.074215953,nm,8.20885675676,4.10442837838,302.074215953,28.9519667478
301.895003885,nm,8.21372972973,4.10686486486,301.895003885,28.9067061328
301.716004334,nm,8.2186027027,4.10930135135,301.716004334,28.782141839
301.537216921,nm,8.22347567568,4.11173783784,301.537216921,28.5778974254
301.358641271,nm,8.22834864865,4.11417432432,301.358641271,28.295251369
301.180277007,nm,8.23322162162,4.11661081081,301.180277007,27.9370073317
301.002123755,nm,8.23809459459,4.1190472973,301.002123755,27.5073172109
300.824181138,nm,8.24296756757,4.12148378378,300.824181138,27.0114734609
300.646448786,nm,8.24784054054,4.12392027027,300.646448786,26.4556856854
300.468926324,nm,8.25271351351,4.12635675676,300.468926324,25.8468536284
300.291613381,nm,8.25758648649,4.12879324324,300.291613381,25.192345439
300.114509588,nm,8.26245945946,4.13122972973,300.114509588,24.4997872267
299.937614573,nm,8.26733243243,4.13366621622,299.937614573,23.7768678772
299.760927968,nm,8.27220540541,4.1361027027,299.760927968,23.0311618943
299.584449404,nm,8.27707837838,4.13853918919,299.584449404,22.2699724838
299.408178516,nm,8.28195135135,4.14097567568,299.408178516,21.5001968815
299.232114935,nm,8.28682432432,4.14341216216,299.232114935,20.728215761
299.056258297,nm,8.2916972973,4.14584864865,299.056258297,19.9598081959
298.880608238,nm,8.29657027027,4.14828513514,298.880608238,19.2000929874
298.705164392,nm,8.30144324324,4.15072162162,298.705164392,18.4534961922
298.529926398,nm,8.30631621622,4.15315810811,298.529926398,17.7237435245
298.354893893,nm,8.31118918919,4.15559459459,298.354893893,17.0138751249
298.180066516,nm,8.31606216216,4.15803108108,298.180066516,16.3262791985
298.005443907,nm,8.32093513514,4.16046756757,298.005443907,15.6627403586
297.831025705,nm,8.32580810811,4.16290405405,297.831025705,15.0244982568
297.656811554,nm,8.33068108108,4.16534054054,297.656811554,14.4123122139
297.482801093,nm,8.33555405405,4.16777702703,297.482801093,13.8265280211
297.308993967,nm,8.34042702703,4.17021351351,297.308993967,13.2671437415
297.13538982,nm,8.3453,4.17265,297.13538982,12.7338720988
296.961988295,nm,8.35017297297,4.17508648649,296.961988295,12.2261977865
296.788789039,nm,8.35504594595,4.17752297297,296.788789039,11.7434287068
296.615791698,nm,8.35991891892,4.17995945946,296.615791698,11.2847407061
296.442995918,nm,8.36479189189,4.18239594595,296.442995918,10.8492158055
296.270401348,nm,8.36966486486,4.18483243243,296.270401348,10.4358742282
296.098007637,nm,8.37453783784,4.18726891892,296.098007637,10.0437007229
295.925814434,nm,8.37941081081,4.18970540541,295.925814434,9.67166579156
295.753821389,nm,8.38428378378,4.19214189189,295.753821389,9.31874246829
295.582028154,nm,8.38915675676,4.19457837838,295.582028154,8.98391929338
295.410434381,nm,8.39402972973,4.19701486486,295.410434381,8.66621008798
295.239039722,nm,8.3989027027,4.19945135135,295.239039722,8.36466108079
295.067843831,nm,8.40377567568,4.20188783784,295.067843831,8.0783558748
294.896846363,nm,8.40864864865,4.20432432432,294.896846363,7.80641867686
294.726046973,nm,8.41352162162,4.20676081081,294.726046973,7.54801614991
294.555445317,nm,8.41839459459,4.2091972973,294.555445317,7.30235818938
294.385041051,nm,8.42326756757,4.21163378378,294.385041051,7.06869787344
294.214833834,nm,8.42814054054,4.21407027027,294.214833834,6.84633079115
294.044823323,nm,8.43301351351,4.21650675676,294.044823323,6.6345939136
293.875009179,nm,8.43788648649,4.21894324324,293.875009179,6.43286414037
293.70539106,nm,8.44275945946,4.22137972973,293.70539106,6.24055662595
293.535968628,nm,8.44763243243,4.22381621622,293.535968628,6.05712296833
293.366741544,nm,8.45250540541,4.2262527027,293.366741544,5.88204932335
293.19770947,nm,8.45737837838,4.22868918919,293.19770947,5.71485449349
293.028872071,nm,8.46225135135,4.23112567568,293.028872071,5.55508802759
292.860229008,nm,8.46712432432,4.23356216216,292.860229008,5.40232835857
292.691779948,nm,8.4719972973,4.23599864865,292.691779948,5.25618099843
292.523524556,nm,8.47687027027,4.23843513514,292.523524556,5.11627680398
292.355462498,nm,8.48174324324,4.24087162162,292.355462498,4.98227032197
292.18759344,nm,8.48661621622,4.24330810811,292.18759344,4.85383821881
292.019917051,nm,8.49148918919,4.24574459459,292.019917051,4.73067779719
291.852432999,nm,8.49636216216,4.24818108108,291.852432999,4.61250560008
291.685140953,nm,8.50123513514,4.25061756757,291.685140953,4.49905610084
291.518040583,nm,8.50610810811,4.25305405405,291.518040583,4.39008047716
291.351131561,nm,8.51098108108,4.25549054054,291.351131561,4.28534546585
291.184413557,nm,8.51585405405,4.25792702703,291.184413557,4.18463229479
291.017886244,nm,8.52072702703,4.26036351351,291.017886244,4.08773568836
290.851549294,nm,8.5256,4.2628,290.851549294,3.99446294208
290.685402383,nm,8.53047297297,4.26523648649,290.685402383,3.90463306256
290.519445183,nm,8.53534594595,4.26767297297,290.519445183,3.81807596854
290.353677371,nm,8.54021891892,4.27010945946,290.353677371,3.73463174915
290.188098623,nm,8.54509189189,4.27254594595,290.188098623,3.65414997544
290.022708614,nm,8.54996486486,4.27498243243,290.022708614,3.5764890616
289.857507023,nm,8.55483783784,4.27741891892,289.857507023,3.50151567233
289.692493528,nm,8.55971081081,4.27985540541,289.692493528,3.429104173
289.527667808,nm,8.56458378378,4.28229189189,289.527667808,3.35913611958
289.363029542,nm,8.56945675676,4.28472837838,289.363029542,3.29149978531
289.198578411,nm,8.57432972973,4.28716486486,289.198578411,3.22608972155
289.034314096,nm,8.5792027027,4.28960135135,289.034314096,3.16280635002
288.870236278,nm,8.58407567568,4.29203783784,288.870236278,3.10155558434
288.706344641,nm,8.58894864865,4.29447432432,288.706344641,3.0422484785
288.542638868,nm,8.59382162162,4.29691081081,288.542638868,2.98480090025
288.379118642,nm,8.59869459459,4.2993472973,288.379118642,2.92913322766
288.215783649,nm,8.60356756757,4.30178378378,288.215783649,2.87517006687
288.052633574,nm,8.60844054054,4.30422027027,288.052633574,2.82283998972
287.889668102,nm,8.61331351351,4.30665675676,287.889668102,2.7720752895
287.726886921,nm,8.61818648649,4.30909324324,287.726886921,2.72281175364
287.564289719,nm,8.62305945946,4.31152972973,287.564289719,2.674988452
287.401876183,nm,8.62793243243,4.31396621622,287.401876183,2.62854753963
287.239646003,nm,8.63280540541,4.3164027027,287.239646003,2.58343407287
287.077598869,nm,8.63767837838,4.31883918919,287.077598869,2.53959583785
286.91573447,nm,8.64255135135,4.32127567568,286.91573447,2.49698319047
286.754052497,nm,8.64742432432,4.32371216216,286.754052497,2.45554890704
286.592552644,nm,8.6522972973,4.32614864865,286.592552644,2.41524804473
286.431234601,nm,8.65717027027,4.32858513514,286.431234601,2.37603781116
286.270098062,nm,8.66204324324,4.33102162162,286.270098062,2.33787744255
286.109142722,nm,8.66691621622,4.33345810811,286.109142722,2.30072808964
285.948368274,nm,8.67178918919,4.33589459459,285.948368274,2.26455271099
285.787774414,nm,8.67666216216,4.33833108108,285.787774414,2.22931597305
285.627360837,nm,8.68153513514,4.34076756757,285.627360837,2.19498415653
285.467127241,nm,8.68640810811,4.34320405405,285.467127241,2.16152506867
285.307073322,nm,8.69128108108,4.34564054054,285.307073322,2.12890796095
285.147198779,nm,8.69615405405,4.34807702703,285.147198779,2.09710345189
284.98750331,nm,8.70102702703,4.35051351351,284.98750331,2.06608345455
284.827986614,nm,8.7059,4.35295,284.827986614,2.03582110854
284.668648392,nm,8.71077297297,4.35538648649,284.668648392,2.00629071601
284.509488343,nm,8.71564594595,4.35782297297,284.509488343,1.97746768154
284.35050617,nm,8.72051891892,4.36025945946,284.35050617,1.94932845563
284.191701575,nm,8.72539189189,4.36269594595,284.191701575,1.92185048149
284.033074259,nm,8.73026486486,4.36513243243,284.033074259,1.89501214494
283.874623927,nm,8.73513783784,4.36756891892,283.874623927,1.86879272725
283.716350281,nm,8.74001081081,4.37000540541,283.716350281,1.84317236069
283.558253028,nm,8.74488378378,4.37244189189,283.558253028,1.81813198664
283.400331872,nm,8.74975675676,4.37487837838,283.400331872,1.79365331602
283.242586519,nm,8.75462972973,4.37731486486,283.242586519,1.76971879209
283.085016676,nm,8.7595027027,4.37975135135,283.085016676,1.74631155517
282.927622049,nm,8.76437567568,4.38218783784,282.927622049,1.72341540943
282.770402348,nm,8.76924864865,4.38462432432,282.770402348,1.70101479147
282.613357279,nm,8.77412162162,4.38706081081,282.613357279,1.67909474064
282.456486554,nm,8.77899459459,4.3894972973,282.456486554,1.65764087097
282.299789881,nm,8.78386756757,4.39193378378,282.299789881,1.63663934461
282.14326697,nm,8.78874054054,4.39437027027,282.14326697,1.61607684666
281.986917534,nm,8.79361351351,4.39680675676,281.986917534,1.59594056143
281.830741284,nm,8.79848648649,4.39924324324,281.830741284,1.57621814984
281.674737932,nm,8.80335945946,4.40167972973,281.674737932,1.55689772812
281.518907191,nm,8.80823243243,4.40411621622,281.518907191,1.53796784749
281.363248775,nm,8.81310540541,4.4065527027,281.363248775,1.51941747502
281.207762399,nm,8.81797837838,4.40898918919,281.207762399,1.50123597537
281.052447776,nm,8.82285135135,4.41142567568,281.052447776,1.48341309352
280.897304624,nm,8.82772432432,4.41386216216,280.897304624,1.46593893837
280.742332657,nm,8.8325972973,4.41629864865,280.742332657,1.44880396709
280.587531593,nm,8.83747027027,4.41873513514,280.587531593,1.43199897038
280.43290115,nm,8.84234324324,4.42117162162,280.43290115,1.41551505834
280.278441044,nm,8.84721621622,4.42360810811,280.278441044,1.39934364709
280.124150996,nm,8.85208918919,4.42604459459,280.124150996,1.38347644606
279.970030724,nm,8.85696216216,4.42848108108,279.970030724,1.36790544584
279.816079949,nm,8.86183513514,4.43091756757,279.816079949,1.35262290667
279.66229839,nm,8.86670810811,4.43335405405,279.66229839,1.33762134743
279.508685769,nm,8.87158108108,4.43579054054,279.508685769,1.32289353522
279.355241808,nm,8.87645405405,4.43822702703,279.355241808,1.30843247536
279.201966228,nm,8.88132702703,4.44066351351,279.201966228,1.2942314019
279.048858754,nm,8.8862,4.4431,279.048858754,1.28028376857
278.895919109,nm,8.89107297297,4.44553648649,278.895919109,1.26658324012
278.743147017,nm,8.89594594595,4.44797297297,278.743147017,1.25312368411
278.590542202,nm,8.90081891892,4.45040945946,278.590542202,1.23989916301
278.43810439,nm,8.90569189189,4.45284594595,278.43810439,1.22690392671
278.285833308,nm,8.91056486486,4.45528243243,278.285833308,1.21413240534
278.133728681,nm,8.91543783784,4.45771891892,278.133728681,1.20157920242
277.981790237,nm,8.92031081081,4.46015540541,277.981790237,1.18923908833
277.830017704,nm,8.92518378378,4.46259189189,277.830017704,1.17710699401
277.678410811,nm,8.93005675676,4.46502837838,277.678410811,1.16517800502
277.526969285,nm,8.93492972973,4.46746486486,277.526969285,1.15344735581
277.375692857,nm,8.9398027027,4.46990135135,277.375692857,1.14191042422
277.224581256,nm,8.94467567568,4.47233783784,277.224581256,1.13056272628
277.073634215,nm,8.94954864865,4.47477432432,277.073634215,1.11939991113
276.922851463,nm,8.95442162162,4.47721081081,276.922851463,1.10841775632
276.772232734,nm,8.95929459459,4.4796472973,276.772232734,1.09761216309
276.621777758,nm,8.96416756757,4.48208378378,276.621777758,1.08697915208
276.471486271,nm,8.96904054054,4.48452027027,276.471486271,1.07651485901
276.321358004,nm,8.97391351351,4.48695675676,276.321358004,1.0662155307
276.171392693,nm,8.97878648649,4.48939324324,276.171392693,1.05607752117
276.021590072,nm,8.98365945946,4.49182972973,276.021590072,1.04609728789
275.871949877,nm,8.98853243243,4.49426621622,275.871949877,1.03627138825
275.722471843,nm,8.99340540541,4.4967027027,275.722471843,1.02659647611
275.573155707,nm,8.99827837838,4.49913918919,275.573155707,1.01706929851
275.424001207,nm,9.00315135135,4.50157567568,275.424001207,1.00768669255
275.27500808,nm,9.00802432432,4.50401216216,275.27500808,0.998445582307
275.126176064,nm,9.0128972973,4.50644864865,275.126176064,0.989342975948
274.977504898,nm,9.01777027027,4.50888513514,274.977504898,0.980375962938
274.828994322,nm,9.02264324324,4.51132162162,274.828994322,0.971541711346
274.680644075,nm,9.02751621622,4.51375810811,274.680644075,0.962837465257
274.532453897,nm,9.03238918919,4.51619459459,274.532453897,0.954260542293
274.384423531,nm,9.03726216216,4.51863108108,274.384423531,0.945808331224
274.236552717,nm,9.04213513514,4.52106756757,274.236552717,0.937478289668
274.088841198,nm,9.04700810811,4.52350405405,274.088841198,0.92926794188
273.941288717,nm,9.05188108108,4.52594054054,273.941288717,0.921174876629
273.793895016,nm,9.05675405405,4.52837702703,273.793895016,0.913196745145
273.64665984,nm,9.06162702703,4.53081351351,273.64665984,0.905331259153
273.499582933,nm,9.0665,4.53325,273.499582933,0.897576188971
